Workbook

Sheet README
A1: Supplier Sustainability Scorecard
A2: Sample project — blending supplier sustainability metrics with delivery performance
A4: PURPOSE
A5: Built to practise a sourcing decision that comes up across procurement and supply chain roles:
A6: suppliers aren't chosen on price and delivery reliability alone anymore — increasingly, buyers are
A7: expected to weigh environmental performance too. This workbook scores a small supplier panel on
A8: both, and blends them into a single composite sourcing score.
A10: TABS
A11: 1. Supplier Data — sustainability inputs (emissions, renewable energy use, certification,
A12: distance) and a delivery performance summary per supplier.
A13: 2. Scorecard — calculates a weighted Sustainability Score and a Composite Sourcing
A14: Score per supplier, with automatic colour flags.
... A34: automatically from individual purchase orders.

Sheet Supplier Data
A1: Supplier Data
A2: Sustainability inputs and delivery performance summary per supplier
A4: Supplier | B4: Category Supplied | C4: CO2 Emissions (kg CO2e/unit) | D4: Renewable Energy Use (%) | E4: ISO 14001 Certified | F4: Distance to Site (km) | G4: On-Time Delivery Rate (last 6 orders)
A5: Supplier Alpha | B5: Electronics components | C5: 12.5 | D5: 0.4 | E5: Yes | F5: 180 | G5: 0.6
A6: Supplier Beta | B6: Packaging & accessories | C6: 8.2 | D6: 0.65 | E6: Yes | F6: 95 | G6: 0.8
A7: Supplier Gamma | B7: Cables & connectors | C7: 15 | D7: 0.2 | E7: No | F7: 310 | G7: 0.6
A8: Supplier Delta | B8: Hardware & fittings | C8: 9.6 | D8: 0.55 | E8: Yes | F8: 140 | G8: 0.8

Sheet Scorecard
A1: Supplier Sustainability Scorecard
A2: Weighted Sustainability Score blended with on-time delivery into one Composite Sourcing Score
A4: Supplier | B4: Category Supplied | C4: Sustainability Score | D4: On-Time Delivery Rate | E4: Composite Sourcing Score | F4: Recommendation
A5: ='Supplier Data'!A5 -> Supplier Alpha | B5: ='Supplier Data'!B5 -> Electronics components | C5: =0.35*(1-('Supplier Data'!C5-MIN('Supplier Data'!$C$5:$C$8))/(MAX('Supplier Data'!$C$5:$C$8)-MIN('Supplier Data'!$C$5:$C$8)))*100+0.25*'Supplier Data'!D5*100+0.2*IF('Supplier Data'!E5="Yes",100,0)+0.2*(1-('Supplier Data'!F5-MIN('Supplier Data'!$F$5:$F$8))/(MAX('Supplier Data'!$F$5:$F$8)-MIN('Supplier Data'!$F$5:$F$8)))*100 -> 54.96067 | D5: ='Supplier Data'!G5 -> 0.6 | E5: =0.6*C5+0.4*D5*100 -> 56.976402 | F5: =IF(E5>=75,"Preferred",IF(E5>=60,"Acceptable","Review")) -> Review
A6: ='Supplier Data'!A6 -> Supplier Beta | B6: ='Supplier Data'!B6 -> Packaging & accessories | C6: =0.35*(1-('Supplier Data'!C6-MIN('Supplier Data'!$C$5:$C$8))/(MAX('Supplier Data'!$C$5:$C$8)-MIN('Supplier Data'!$C$5:$C$8)))*100+0.25*'Supplier Data'!D6*100+0.2*IF('Supplier Data'!E6="Yes",100,0)+0.2*(1-('Supplier Data'!F6-MIN('Supplier Data'!$F$5:$F$8))/(MAX('Supplier Data'!$F$5:$F$8)-MIN('Supplier Data'!$F$5:$F$8)))*100 -> 91.25 | D6: ='Supplier Data'!G6 -> 0.8 | E6: =0.6*C6+0.4*D6*100 -> 86.75 | F6: =IF(E6>=75,"Preferred",IF(E6>=60,"Acceptable","Review")) -> Preferred
A7: ='Supplier Data'!A7 -> Supplier Gamma | B7: ='Supplier Data'!B7 -> Cables & connectors | C7: =0.35*(1-('Supplier Data'!C7-MIN('Supplier Data'!$C$5:$C$8))/(MAX('Supplier Data'!$C$5:$C$8)-MIN('Supplier Data'!$C$5:$C$8)))*100+0.25*'Supplier Data'!D7*100+0.2*IF('Supplier Data'!E7="Yes",100,0)+0.2*(1-('Supplier Data'!F7-MIN('Supplier Data'!$F$5:$F$8))/(MAX('Supplier Data'!$F$5:$F$8)-MIN('Supplier Data'!$F$5:$F$8)))*100 -> 5 | D7: ='Supplier Data'!G7 -> 0.6 | E7: =0.6*C7+0.4*D7*100 -> 27 | F7: =IF(E7>=75,"Preferred",IF(E7>=60,"Acceptable","Review")) -> Review
A8: ='Supplier Data'!A8 -> Supplier Delta | B8: ='Supplier Data'!B8 -> Hardware & fittings | C8: =0.35*(1-('Supplier Data'!C8-MIN('Supplier Data'!$C$5:$C$8))/(MAX('Supplier Data'!$C$5:$C$8)-MIN('Supplier Data'!$C$5:$C$8)))*100+0.25*'Supplier Data'!D8*100+0.2*IF('Supplier Data'!E8="Yes",100,0)+0.2*(1-('Supplier Data'!F8-MIN('Supplier Data'!$F$5:$F$8))/(MAX('Supplier Data'!$F$5:$F$8)-MIN('Supplier Data'!$F$5:$F$8)))*100 -> 77.358071 | D8: ='Supplier Data'!G8 -> 0.8 | E8: =0.6*C8+0.4*D8*100 -> 78.414843 | F8: =IF(E8>=75,"Preferred",IF(E8>=60,"Acceptable","Review")) -> Preferred
A10: Recommendation bands (adjustable): Composite score 75+ = Preferred (grow volume), 60-74 = Acceptable (maintain), below 60 = Review (raise with supplier or seek alternatives).
