Workbook

Sheet README
A1: Inventory Replenishment & Supplier Performance Tracker
A2: Sample project — demand vs. supply tracking, delivery discrepancy flagging & what-if scenarios
A4: PURPOSE
A5: Built to practise a workflow that comes up across procurement, inventory and materials planning
A6: roles: tracking confirmed supplier order quantities and dates against a demand forecast, flagging
A7: discrepancies (late or short deliveries), and running what-if scenarios on delays.
A9: TABS
A10: 1. Demand Forecast — forecasted sales/replenishment demand by SKU and week.
A11: 2. Supplier Orders — order-level data: quantities, due dates, actual delivery dates. Status and
A12: delay are calculated automatically, so discrepancies surface without
A13: manually checking each line.
A14: 3. Stock Coverage Dashboard — rolls up demand vs. confirmed supply per SKU, flags items AT RISK.
... A30: performance.

Sheet Demand Forecast
A1: Demand Forecast
A2: Forecasted replenishment demand by SKU and week
A4: SKU ID | B4: Product | C4: Week | D4: Forecasted Demand (units)
A5: SKU-A | B5: Wireless Earbuds | C5: 1 | D5: 420
A6: SKU-A | B6: Wireless Earbuds | C6: 2 | D6: 420
A7: SKU-A | B7: Wireless Earbuds | C7: 3 | D7: 450
A8: SKU-A | B8: Wireless Earbuds | C8: 4 | D8: 450
A9: SKU-A | B9: Wireless Earbuds | C9: 5 | D9: 480
A10: SKU-A | B10: Wireless Earbuds | C10: 6 | D10: 480
A11: SKU-B | B11: Phone Case (Bulk Pack) | C11: 1 | D11: 800
A12: SKU-B | B12: Phone Case (Bulk Pack) | C12: 2 | D12: 800
A13: SKU-B | B13: Phone Case (Bulk Pack) | C13: 3 | D13: 820
A14: SKU-B | B14: Phone Case (Bulk Pack) | C14: 4 | D14: 850
A15: SKU-B | B15: Phone Case (Bulk Pack) | C15: 5 | D15: 850
A16: SKU-B | B16: Phone Case (Bulk Pack) | C16: 6 | D16: 900
... A28: SKU-D | B28: Laptop Stand | C28: 6 | D28: 300

Sheet Supplier Orders
A1: Supplier Orders
A2: Order-level tracking — Status and Delay (days) are calculated automatically
A4: Order ID | B4: Supplier | C4: SKU ID | D4: Product | E4: Order Qty | F4: Confirmed Qty | G4: Due Date | H4: Actual Delivery Date | I4: Delay (days) | J4: Status
A5: PO-1001 | B5: Supplier Alpha | C5: SKU-A | D5: Wireless Earbuds | E5: 420 | F5: 420 | G5: 46300 | H5: 46299 | I5: =IF(H5="","",H5-G5) -> -1 | J5: =IF(H5="","Pending",IF(AND(H5>G5,F5<E5),"Late & Short",IF(H5>G5,"Late",IF(F5<E5,"On Time but Short","On Time")))) -> On Time
A6: PO-1002 | B6: Supplier Alpha | C6: SKU-A | D6: Wireless Earbuds | E6: 420 | F6: 420 | G6: 46307 | H6: 46307 | I6: =IF(H6="","",H6-G6) -> 0 | J6: =IF(H6="","Pending",IF(AND(H6>G6,F6<E6),"Late & Short",IF(H6>G6,"Late",IF(F6<E6,"On Time but Short","On Time")))) -> On Time
A7: PO-1003 | B7: Supplier Alpha | C7: SKU-A | D7: Wireless Earbuds | E7: 450 | F7: 400 | G7: 46314 | H7: 46314 | I7: =IF(H7="","",H7-G7) -> 0 | J7: =IF(H7="","Pending",IF(AND(H7>G7,F7<E7),"Late & Short",IF(H7>G7,"Late",IF(F7<E7,"On Time but Short","On Time")))) -> On Time but Short
A8: PO-1004 | B8: Supplier Alpha | C8: SKU-A | D8: Wireless Earbuds | E8: 450 | F8: 450 | G8: 46321 | H8: 46322 | I8: =IF(H8="","",H8-G8) -> 1 | J8: =IF(H8="","Pending",IF(AND(H8>G8,F8<E8),"Late & Short",IF(H8>G8,"Late",IF(F8<E8,"On Time but Short","On Time")))) -> Late
A9: PO-1005 | B9: Supplier Alpha | C9: SKU-A | D9: Wireless Earbuds | E9: 480 | F9: 480 | G9: 46328 | H9: 46327 | I9: =IF(H9="","",H9-G9) -> -1 | J9: =IF(H9="","Pending",IF(AND(H9>G9,F9<E9),"Late & Short",IF(H9>G9,"Late",IF(F9<E9,"On Time but Short","On Time")))) -> On Time
A10: PO-1006 | B10: Supplier Alpha | C10: SKU-A | D10: Wireless Earbuds | E10: 480 | F10: 480 | G10: 46335 | I10: =IF(H10="","",H10-G10) | J10: =IF(H10="","Pending",IF(AND(H10>G10,F10<E10),"Late & Short",IF(H10>G10,"Late",IF(F10<E10,"On Time but Short","On Time")))) -> Pending
A11: PO-2001 | B11: Supplier Beta | C11: SKU-B | D11: Phone Case (Bulk Pack) | E11: 800 | F11: 800 | G11: 46300 | H11: 46300 | I11: =IF(H11="","",H11-G11) -> 0 | J11: =IF(H11="","Pending",IF(AND(H11>G11,F11<E11),"Late & Short",IF(H11>G11,"Late",IF(F11<E11,"On Time but Short","On Time")))) -> On Time
A12: PO-2002 | B12: Supplier Beta | C12: SKU-B | D12: Phone Case (Bulk Pack) | E12: 800 | F12: 800 | G12: 46307 | H12: 46307 | I12: =IF(H12="","",H12-G12) -> 0 | J12: =IF(H12="","Pending",IF(AND(H12>G12,F12<E12),"Late & Short",IF(H12>G12,"Late",IF(F12<E12,"On Time but Short","On Time")))) -> On Time
A13: PO-2003 | B13: Supplier Beta | C13: SKU-B | D13: Phone Case (Bulk Pack) | E13: 820 | F13: 820 | G13: 46314 | H13: 46314 | I13: =IF(H13="","",H13-G13) -> 0 | J13: =IF(H13="","Pending",IF(AND(H13>G13,F13<E13),"Late & Short",IF(H13>G13,"Late",IF(F13<E13,"On Time but Short","On Time")))) -> On Time
A14: PO-2004 | B14: Supplier Beta | C14: SKU-B | D14: Phone Case (Bulk Pack) | E14: 850 | F14: 850 | G14: 46321 | H14: 46324 | I14: =IF(H14="","",H14-G14) -> 3 | J14: =IF(H14="","Pending",IF(AND(H14>G14,F14<E14),"Late & Short",IF(H14>G14,"Late",IF(F14<E14,"On Time but Short","On Time")))) -> Late
A15: PO-2005 | B15: Supplier Beta | C15: SKU-B | D15: Phone Case (Bulk Pack) | E15: 850 | F15: 850 | G15: 46328 | H15: 46328 | I15: =IF(H15="","",H15-G15) -> 0 | J15: =IF(H15="","Pending",IF(AND(H15>G15,F15<E15),"Late & Short",IF(H15>G15,"Late",IF(F15<E15,"On Time but Short","On Time")))) -> On Time
A16: PO-2006 | B16: Supplier Beta | C16: SKU-B | D16: Phone Case (Bulk Pack) | E16: 900 | F16: 900 | G16: 46335 | I16: =IF(H16="","",H16-G16) | J16: =IF(H16="","Pending",IF(AND(H16>G16,F16<E16),"Late & Short",IF(H16>G16,"Late",IF(F16<E16,"On Time but Short","On Time")))) -> Pending
A17: PO-3001 | B17: Supplier Gamma | C17: SKU-C | D17: USB-C Charging Cable | E17: 300 | F17: 300 | G17: 46300 | H17: 46300 | I17: =IF(H17="","",H17-G17) -> 0 | J17: =IF(H17="","Pending",IF(AND(H17>G17,F17<E17),"Late & Short",IF(H17>G17,"Late",IF(F17<E17,"On Time but Short","On Time")))) -> On Time
A18: PO-3002 | B18: Supplier Gamma | C18: SKU-C | D18: USB-C Charging Cable | E18: 300 | F18: 280 | G18: 46307 | H18: 46309 | I18: =IF(H18="","",H18-G18) -> 2 | J18: =IF(H18="","Pending",IF(AND(H18>G18,F18<E18),"Late & Short",IF(H18>G18,"Late",IF(F18<E18,"On Time but Short","On Time")))) -> Late & Short
A19: PO-3003 | B19: Supplier Gamma | C19: SKU-C | D19: USB-C Charging Cable | E19: 300 | F19: 300 | G19: 46314 | H19: 46314 | I19: =IF(H19="","",H19-G19) -> 0 | J19: =IF(H19="","Pending",IF(AND(H19>G19,F19<E19),"Late & Short",IF(H19>G19,"Late",IF(F19<E19,"On Time but Short","On Time")))) -> On Time
A20: PO-3004 | B20: Supplier Gamma | C20: SKU-C | D20: USB-C Charging Cable | E20: 320 | F20: 320 | G20: 46321 | H20: 46323 | I20: =IF(H20="","",H20-G20) -> 2 | J20: =IF(H20="","Pending",IF(AND(H20>G20,F20<E20),"Late & Short",IF(H20>G20,"Late",IF(F20<E20,"On Time but Short","On Time")))) -> Late
A21: PO-3005 | B21: Supplier Gamma | C21: SKU-C | D21: USB-C Charging Cable | E21: 320 | F21: 320 | G21: 46328 | H21: 46327 | I21: =IF(H21="","",H21-G21) -> -1 | J21: =IF(H21="","Pending",IF(AND(H21>G21,F21<E21),"Late & Short",IF(H21>G21,"Late",IF(F21<E21,"On Time but Short","On Time")))) -> On Time
A22: PO-3006 | B22: Supplier Gamma | C22: SKU-C | D22: USB-C Charging Cable | E22: 340 | F22: 340 | G22: 46335 | I22: =IF(H22="","",H22-G22) | J22: =IF(H22="","Pending",IF(AND(H22>G22,F22<E22),"Late & Short",IF(H22>G22,"Late",IF(F22<E22,"On Time but Short","On Time")))) -> Pending
A23: PO-4001 | B23: Supplier Delta | C23: SKU-D | D23: Laptop Stand | E23: 260 | F23: 260 | G23: 46300 | H23: 46300 | I23: =IF(H23="","",H23-G23) -> 0 | J23: =IF(H23="","Pending",IF(AND(H23>G23,F23<E23),"Late & Short",IF(H23>G23,"Late",IF(F23<E23,"On Time but Short","On Time")))) -> On Time
A24: PO-4002 | B24: Supplier Delta | C24: SKU-D | D24: Laptop Stand | E24: 260 | F24: 260 | G24: 46307 | H24: 46306 | I24: =IF(H24="","",H24-G24) -> -1 | J24: =IF(H24="","Pending",IF(AND(H24>G24,F24<E24),"Late & Short",IF(H24>G24,"Late",IF(F24<E24,"On Time but Short","On Time")))) -> On Time
A25: PO-4003 | B25: Supplier Delta | C25: SKU-D | D25: Laptop Stand | E25: 280 | F25: 280 | G25: 46314 | H25: 46318 | I25: =IF(H25="","",H25-G25) -> 4 | J25: =IF(H25="","Pending",IF(AND(H25>G25,F25<E25),"Late & Short",IF(H25>G25,"Late",IF(F25<E25,"On Time but Short","On Time")))) -> Late
A26: PO-4004 | B26: Supplier Delta | C26: SKU-D | D26: Laptop Stand | E26: 280 | F26: 280 | G26: 46321 | H26: 46321 | I26: =IF(H26="","",H26-G26) -> 0 | J26: =IF(H26="","Pending",IF(AND(H26>G26,F26<E26),"Late & Short",IF(H26>G26,"Late",IF(F26<E26,"On Time but Short","On Time")))) -> On Time
A27: PO-4005 | B27: Supplier Delta | C27: SKU-D | D27: Laptop Stand | E27: 300 | F27: 300 | G27: 46328 | H27: 46328 | I27: =IF(H27="","",H27-G27) -> 0 | J27: =IF(H27="","Pending",IF(AND(H27>G27,F27<E27),"Late & Short",IF(H27>G27,"Late",IF(F27<E27,"On Time but Short","On Time")))) -> On Time
A28: PO-4006 | B28: Supplier Delta | C28: SKU-D | D28: Laptop Stand | E28: 300 | F28: 300 | G28: 46335 | I28: =IF(H28="","",H28-G28) | J28: =IF(H28="","Pending",IF(AND(H28>G28,F28<E28),"Late & Short",IF(H28>G28,"Late",IF(F28<E28,"On Time but Short","On Time")))) -> Pending

Sheet Stock Coverage Dashboard
A1: Stock Coverage Dashboard
A2: Forecasted demand vs. confirmed supply, by SKU (totals across all weeks / orders)
A4: SKU ID | B4: Product | C4: Total Forecasted Demand | D4: Total Confirmed Supply | E4: Coverage % | F4: Status
A5: SKU-A | B5: Wireless Earbuds | C5: =SUMIFS('Demand Forecast'!$D$5:$D$28,'Demand Forecast'!$A$5:$A$28,A5) -> 2700 | D5: =SUMIFS('Supplier Orders'!$F$5:$F$28,'Supplier Orders'!$C$5:$C$28,A5) -> 2650 | E5: =IFERROR(D5/C5,0) -> 0.98148148 | F5: =IF(E5<1,"AT RISK","OK") -> AT RISK
A6: SKU-B | B6: Phone Case (Bulk Pack) | C6: =SUMIFS('Demand Forecast'!$D$5:$D$28,'Demand Forecast'!$A$5:$A$28,A6) -> 5020 | D6: =SUMIFS('Supplier Orders'!$F$5:$F$28,'Supplier Orders'!$C$5:$C$28,A6) -> 5020 | E6: =IFERROR(D6/C6,0) -> 1 | F6: =IF(E6<1,"AT RISK","OK") -> OK
A7: SKU-C | B7: USB-C Charging Cable | C7: =SUMIFS('Demand Forecast'!$D$5:$D$28,'Demand Forecast'!$A$5:$A$28,A7) -> 1880 | D7: =SUMIFS('Supplier Orders'!$F$5:$F$28,'Supplier Orders'!$C$5:$C$28,A7) -> 1860 | E7: =IFERROR(D7/C7,0) -> 0.9893617 | F7: =IF(E7<1,"AT RISK","OK") -> AT RISK
A8: SKU-D | B8: Laptop Stand | C8: =SUMIFS('Demand Forecast'!$D$5:$D$28,'Demand Forecast'!$A$5:$A$28,A8) -> 1680 | D8: =SUMIFS('Supplier Orders'!$F$5:$F$28,'Supplier Orders'!$C$5:$C$28,A8) -> 1680 | E8: =IFERROR(D8/C8,0) -> 1 | F8: =IF(E8<1,"AT RISK","OK") -> OK

Sheet What-If Scenario
A1: What-If Scenario: Supplier Delay Impact
A2: Select a supplier and a hypothetical delay to see the effect on material coverage
A4: Supplier to simulate: | B4: Supplier Beta
A5: Simulated delay (days): | B5: 10
A7: SKU ID | B7: Product | C7: Total Forecasted Demand | D7: Total Confirmed Supply | E7: Qty From Selected Supplier | F7: At-Risk Qty (if delayed) | G7: Adjusted Supply | H7: Adjusted Coverage % | I7: Impact
A8: SKU-A | B8: Wireless Earbuds | C8: ='Stock Coverage Dashboard'!C5 -> 2700 | D8: ='Stock Coverage Dashboard'!D5 -> 2650 | E8: =SUMIFS('Supplier Orders'!$F$5:$F$28,'Supplier Orders'!$C$5:$C$28,A8,'Supplier Orders'!$B$5:$B$28,$B$4) -> 0 | F8: =IF($B$5>0,E8,0) -> 0 | G8: =D8-F8 -> 2650 | H8: =IFERROR(G8/C8,0) -> 0.98148148 | I8: =IF(AND(F8>0,H8<1),"AT RISK","OK") -> OK
A9: SKU-B | B9: Phone Case (Bulk Pack) | C9: ='Stock Coverage Dashboard'!C6 -> 5020 | D9: ='Stock Coverage Dashboard'!D6 -> 5020 | E9: =SUMIFS('Supplier Orders'!$F$5:$F$28,'Supplier Orders'!$C$5:$C$28,A9,'Supplier Orders'!$B$5:$B$28,$B$4) -> 5020 | F9: =IF($B$5>0,E9,0) -> 5020 | G9: =D9-F9 -> 0 | H9: =IFERROR(G9/C9,0) -> 0 | I9: =IF(AND(F9>0,H9<1),"AT RISK","OK") -> AT RISK
A10: SKU-C | B10: USB-C Charging Cable | C10: ='Stock Coverage Dashboard'!C7 -> 1880 | D10: ='Stock Coverage Dashboard'!D7 -> 1860 | E10: =SUMIFS('Supplier Orders'!$F$5:$F$28,'Supplier Orders'!$C$5:$C$28,A10,'Supplier Orders'!$B$5:$B$28,$B$4) -> 0 | F10: =IF($B$5>0,E10,0) -> 0 | G10: =D10-F10 -> 1860 | H10: =IFERROR(G10/C10,0) -> 0.9893617 | I10: =IF(AND(F10>0,H10<1),"AT RISK","OK") -> OK
A11: SKU-D | B11: Laptop Stand | C11: ='Stock Coverage Dashboard'!C8 -> 1680 | D11: ='Stock Coverage Dashboard'!D8 -> 1680 | E11: =SUMIFS('Supplier Orders'!$F$5:$F$28,'Supplier Orders'!$C$5:$C$28,A11,'Supplier Orders'!$B$5:$B$28,$B$4) -> 0 | F11: =IF($B$5>0,E11,0) -> 0 | G11: =D11-F11 -> 1680 | H11: =IFERROR(G11/C11,0) -> 1 | I11: =IF(AND(F11>0,H11<1),"AT RISK","OK") -> OK
A13: Try changing B4 (supplier) and B5 (delay days) to see which items move to AT RISK.
A14: Assumption: for simplicity, any simulated delay (B5 > 0) treats that supplier's full confirmed quantity for the item as at-risk. A production MRP tool would isolate only the specific late order line(s) rather than the supplier's entire confirmed volume.
